{"data":[{"id":"MDExOlB1bGxSZXF1ZXN0NDkwNjgxMTYw","title":"project card name height fix","url":"https://github.com/ashutosh1919/masterPortfolio/pull/85","state":"MERGED","mergedBy":{"avatarUrl":"https://avatars1.githubusercontent.com/u/20843596?u=7f184b911f73ae1dc5765ab686fff2b2e984830f&v=4","url":"https://github.com/ashutosh1919","login":"ashutosh1919"},"createdAt":"2020-09-22T04:17:50Z","number":85,"changedFiles":1,"additions":2,"deletions":0,"baseRepository":{"name":"masterPortfolio","url":"https://github.com/ashutosh1919/masterPortfolio","owner":{"avatarUrl":"https://avatars1.githubusercontent.com/u/20843596?u=7f184b911f73ae1dc5765ab686fff2b2e984830f&v=4","login":"ashutosh1919","url":"https://github.com/ashutosh1919"}}},{"id":"MDExOlB1bGxSZXF1ZXN0NDkwMzU1Mjky","title":"Project card name height fix","url":"https://github.com/ashutosh1919/masterPortfolio/pull/84","state":"OPEN","mergedBy":null,"createdAt":"2020-09-21T14:45:40Z","number":84,"changedFiles":4,"additions":35,"deletions":6,"baseRepository":{"name":"masterPortfolio","url":"https://github.com/ashutosh1919/masterPortfolio","owner":{"avatarUrl":"https://avatars1.githubusercontent.com/u/20843596?u=7f184b911f73ae1dc5765ab686fff2b2e984830f&v=4","login":"ashutosh1919","url":"https://github.com/ashutosh1919"}}},{"id":"MDExOlB1bGxSZXF1ZXN0NDg5MDk4MjIy","title":"token vulnerability fix","url":"https://github.com/ashutosh1919/masterPortfolio/pull/82","state":"OPEN","mergedBy":null,"createdAt":"2020-09-18T06:06:17Z","number":82,"changedFiles":3,"additions":33,"deletions":6,"baseRepository":{"name":"masterPortfolio","url":"https://github.com/ashutosh1919/masterPortfolio","owner":{"avatarUrl":"https://avatars1.githubusercontent.com/u/20843596?u=7f184b911f73ae1dc5765ab686fff2b2e984830f&v=4","login":"ashutosh1919","url":"https://github.com/ashutosh1919"}}}],"open":2,"closed":0,"merged":1,"totalCount":3}